Rating,Condition
5,No Scent
5,No Scent
4,No Scent
5,No Scent
4,No Scent
4,No Scent
5,No Scent
5,No Scent
5,No Scent
5,No Scent
3,No Scent
3,No Scent
4,No Scent
5,No Scent
4,No Scent
5,No Scent
4,No Scent
6,No Scent
5,No Scent
5,No Scent
5,No Scent
5,No Scent
3,No Scent
3,No Scent
3,No Scent
5,No Scent
4,No Scent
5,Scent
6,Scent
4,Scent
4,Scent
5,Scent
6,Scent
4,Scent
7,Scent
4,Scent
4,Scent
5,Scent
6,Scent
5,Scent
6,Scent
6,Scent
5,Scent
5,Scent
5,Scent
4,Scent
5,Scent
6,Scent
5,Scent
6,Scent
6,Scent
5,Scent
5,Scent
5,Scent
